{
  "Component-preload.js": 1611892528697,
  "controller/App.controller.js": 1611771037389,
  "model/models.js": 1611769757598,
  "model/formatter.js": 1611771037385,
  "controller/Worklist.controller.js": 1611771037393,
  "controller/Object.controller.js": 1611769757594,
  "controller/NotFound.controller.js": 1611769757594,
  "controller/ErrorHandler.js": 1611769757594,
  "controller/Create.controller.js": 1611771037381,
  "controller/BaseController.js": 1611769757594,
  "manifest.json": 1611892528777,
  "Component.js": 1611892455894,
  "manifest-bundle.zip": 1611892528448,
  "i18n/i18n.properties": 1611770348101,
  "controller/NotFound-dbg.controller.js": 1611769757594,
  "model/formatter-dbg.js": 1611771037385,
  "controller/Worklist-dbg.controller.js": 1611771037393,
  "controller/Object-dbg.controller.js": 1611769757594,
  "model/models-dbg.js": 1611769757598,
  "controller/ErrorHandler-dbg.js": 1611769757594,
  "controller/Create-dbg.controller.js": 1611771037381,
  "controller/BaseController-dbg.js": 1611769757594,
  "controller/App-dbg.controller.js": 1611771037389,
  "Component-dbg.js": 1611892455894,
  "resources.json": 1611892528780,
  "view/Worklist.view.xml": 1611771037373,
  "view/ObjectNotFound.view.xml": 1611769757606,
  "view/Object.view.xml": 1611771037373,
  "view/NotFound.view.xml": 1611769757606,
  "view/Create.view.xml": 1611771037377,
  "view/App.view.xml": 1611771037385,
  "test.html": 1611769757598,
  "index.html": 1611769757594
}